{
    "total_tested": 1929,
    "labels": {
        "mitochondria": {
            "actual": 174,
            "predicted": 124,
            "true_positive": 76,
            "true_negative": 1707,
            "false_positive": 48,
            "false_negative": 98,
            "sum": 1929,
            "accuracy": 0.9243131156039399,
            "sensitivity": 0.4367816091954023,
            "specificity": 0.9726495726495726,
            "precision": 0.6129032258064516,
            "recall": 0.4367816091954023,
            "f_measure": 0.5100671140939598
        },
        "nucleus": {
            "actual": 857,
            "predicted": 1014,
            "true_positive": 774,
            "true_negative": 832,
            "false_positive": 240,
            "false_negative": 83,
            "sum": 1929,
            "accuracy": 0.8325557283566615,
            "sensitivity": 0.9031505250875146,
            "specificity": 0.7761194029850746,
            "precision": 0.7633136094674556,
            "recall": 0.9031505250875146,
            "f_measure": 0.8273650454302512
        },
        "plasma membrane": {
            "actual": 90,
            "predicted": 47,
            "true_positive": 24,
            "true_negative": 1816,
            "false_positive": 23,
            "false_negative": 66,
            "sum": 1929,
            "accuracy": 0.9538621047174702,
            "sensitivity": 0.26666666666666666,
            "specificity": 0.9874932028276238,
            "precision": 0.5106382978723404,
            "recall": 0.26666666666666666,
            "f_measure": 0.35036496350364954
        },
        "golgi": {
            "actual": 69,
            "predicted": 101,
            "true_positive": 42,
            "true_negative": 1801,
            "false_positive": 59,
            "false_negative": 27,
            "sum": 1929,
            "accuracy": 0.9554173146708139,
            "sensitivity": 0.6086956521739131,
            "specificity": 0.9682795698924731,
            "precision": 0.4158415841584158,
            "recall": 0.6086956521739131,
            "f_measure": 0.49411764705882355
        },
        "cytoskeleton": {
            "actual": 131,
            "predicted": 137,
            "true_positive": 106,
            "true_negative": 1767,
            "false_positive": 31,
            "false_negative": 25,
            "sum": 1929,
            "accuracy": 0.9709694142042509,
            "sensitivity": 0.8091603053435115,
            "specificity": 0.9827586206896551,
            "precision": 0.7737226277372263,
            "recall": 0.8091603053435115,
            "f_measure": 0.791044776119403
        },
        "cytoplasm": {
            "actual": 362,
            "predicted": 324,
            "true_positive": 189,
            "true_negative": 1432,
            "false_positive": 135,
            "false_negative": 173,
            "sum": 1929,
            "accuracy": 0.84033177812338,
            "sensitivity": 0.5220994475138122,
            "specificity": 0.9138481174218251,
            "precision": 0.5833333333333334,
            "recall": 0.5220994475138122,
            "f_measure": 0.5510204081632654
        },
        "vacuole": {
            "actual": 50,
            "predicted": 44,
            "true_positive": 13,
            "true_negative": 1848,
            "false_positive": 31,
            "false_negative": 37,
            "sum": 1929,
            "accuracy": 0.9647485743908761,
            "sensitivity": 0.26,
            "specificity": 0.9835018626929217,
            "precision": 0.29545454545454547,
            "recall": 0.26,
            "f_measure": 0.27659574468085113
        },
        "ER": {
            "actual": 155,
            "predicted": 118,
            "true_positive": 78,
            "true_negative": 1734,
            "false_positive": 40,
            "false_negative": 77,
            "sum": 1929,
            "accuracy": 0.9393468118195957,
            "sensitivity": 0.5032258064516129,
            "specificity": 0.9774520856820744,
            "precision": 0.6610169491525424,
            "recall": 0.5032258064516129,
            "f_measure": 0.5714285714285714
        },
        "transport vesicles": {
            "actual": 30,
            "predicted": 20,
            "true_positive": 11,
            "true_negative": 1890,
            "false_positive": 9,
            "false_negative": 19,
            "sum": 1929,
            "accuracy": 0.9854847071021254,
            "sensitivity": 0.36666666666666664,
            "specificity": 0.995260663507109,
            "precision": 0.55,
            "recall": 0.36666666666666664,
            "f_measure": 0.43999999999999995
        },
        "peroxisome": {
            "actual": 7,
            "predicted": 0,
            "true_positive": 0,
            "true_negative": 1922,
            "false_positive": 0,
            "false_negative": 7,
            "sum": 1929,
            "accuracy": 0.9963711767755313,
            "sensitivity": 0.0,
            "specificity": 1.0,
            "precision": null,
            "recall": 0.0,
            "f_measure": null
        },
        "extracellular": {
            "actual": 4,
            "predicted": 0,
            "true_positive": 0,
            "true_negative": 1925,
            "false_positive": 0,
            "false_negative": 4,
            "sum": 1929,
            "accuracy": 0.997926386728875,
            "sensitivity": 0.0,
            "specificity": 1.0,
            "precision": null,
            "recall": 0.0,
            "f_measure": null
        }
    }
}